"","PA1","PA2","PA4","PA7","PA3","PA6","PA5"
"SS loadings",234.927950315586,42.8839950509,28.9757645003921,18.8454978344885,17.2440963591116,15.3658057328365,14.7972750399574
"Proportion Var",0.41876639984953,0.0764420589142603,0.0516502041005207,0.0335926877620116,0.0307381396775607,0.0273900280442719,0.0263766043493002
"Cumulative Var",0.41876639984953,0.49520845876379,0.546858662864311,0.580451350626322,0.611189490303883,0.638579518348155,0.664956122697455
"Proportion Explained",0.62976546204397,0.114958049568994,0.0776746048912174,0.0505186532093874,0.0462258164536762,0.0411907298983304,0.0396666839344243
"Cumulative Proportion",0.62976546204397,0.744723511612965,0.822398116504182,0.872916769713569,0.919142586167245,0.960333316065576,1
